"Data","Y","X","mediator","Total_effect","Total_effect_ci_lwr","Total_effect_ci_upr","ADE","ADE_ci_lwr","ADE_ci_upr","ACME","ACME_ci_lwr","ACME_ci_upr"
"mesa","cvd_10y_HF","nSES","nutrition",0.18954,0.0330537795528888,0.409419263192337,0.18533,0.023567551241049,0.409308232742783,-0.00553,-0.0157176566037161,-0.000695090922739282
"mesa","cvd_10y_HF","nSES","PhysAct",0.19248,0.0227011339458365,0.419051902908152,0.18533,0.0235675512410489,0.409308232742784,-0.01846,-0.0447530051868776,-0.00145156876234388
"mesa","cvd_10y_noHF","nSES","nutrition",0.24264,0.0542932101275866,0.460339625517344,0.23863,0.0510462527213101,0.445340795056391,-0.00712,-0.0173339536360936,-0.0014044686736278
