cvd_10y_HF,Diabetes,Count,Percentage
0,0,2569,72.75559331634098
0,1,564,15.972812234494477
1,0,242,6.853582554517133
1,1,156,4.4180118946474085
