cvd_10y_noHF,gender,n,Percentage
0,0,2098,63.80778588807786
0,1,1190,36.19221411192214
1,0,145,59.67078189300411
1,1,98,40.32921810699588
