cvd_10y_noHF,Diabetes,n,Percentage
0,0,2658,80.83941605839416
0,1,630,19.16058394160584
1,0,153,62.96296296296296
1,1,90,37.03703703703704
