cvd_10y_HF,currentSmoker,Count,Percentage
0,0,2777,78.64627584253753
0,1,356,10.082129708297932
1,0,332,9.40243557065987
1,1,66,1.8691588785046727
