cvd_10y_HF,FamIncome,Count,Percentage
0,1,397,11.24327386009629
0,2,669,18.946474086661002
0,3,1501,42.50920419144718
0,4,566,16.029453412630986
1,1,79,2.237326536391957
1,2,122,3.4551118663268197
1,3,159,4.502973661852167
1,4,38,1.0761823845935996
