cvd_10y_noHF,currentSmoker,n,Percentage
0,0,2907,88.41240875912408
0,1,381,11.587591240875913
1,0,202,83.1275720164609
1,1,41,16.872427983539097
