cvd_10y_HF,PhysAct,Count,Percentage
0,0,1400,39.64882469555367
0,1,1082,30.642877371849337
0,2,651,18.436703483432456
1,0,238,6.740300198244123
1,1,104,2.9453412630982725
1,2,56,1.5859529878221468
