cvd_10y_noHF,alc,n,Percentage
0,0,1715,52.15936739659367
0,1,1573,47.84063260340633
1,0,147,60.49382716049383
1,1,96,39.50617283950617
