cvd_10y_HF,alc,Count,Percentage
0,0,1614,45.70943075615973
0,1,1519,43.01897479467573
1,0,248,7.023506088926649
1,1,150,4.248088360237893
