cvd_10y_HF,nutrition,Count,Percentage
0,0,2167,61.37071651090342
0,1,925,26.196544888133673
0,2,41,1.1611441517983574
1,0,254,7.193429623336166
1,1,136,3.8516001132823567
1,2,8,0.22656471254602095
