cvd_10y_HF,gender,Count,Percentage
0,0,2002,56.69781931464174
0,1,1131,32.03058623619371
1,0,241,6.825261965448881
1,1,157,4.446332483715661
