cvd_10y_noHF,currentSmoker,Count,Percentage
0,0,2907,82.32795242141037
0,1,381,10.790144435004247
1,0,202,5.720758991787029
1,1,41,1.1611441517983574
