cvd_10y_noHF,alc,Count,Percentage
0,0,1715,48.569810252053244
0,1,1573,44.54828660436137
1,0,147,4.163126593033136
1,1,96,2.7187765505522514
