cvd_10y_noHF,Diabetes,Count,Percentage
0,0,2658,75.27612574341546
0,1,630,17.84197111299915
1,0,153,4.333050127442651
1,1,90,2.548853016142736
