cvd_10y_noHF,gender,Count,Percentage
0,0,2098,59.416595865194
0,1,1190,33.70150099122062
1,0,145,4.106485414896629
1,1,98,2.775417728688757
