cvd_10y_HF,gender,Count,Percentage
0,0,2008,43.47261311972289
0,1,2122,45.940679800822686
1,0,156,3.377354405715523
1,1,333,7.209352673738905
