cvd_10y_noHF,nutrition,Count,Percentage
0,0,2594,56.159341848885035
0,1,1603,34.7044814894999
0,2,16,0.34639532366313053
1,0,279,6.0402684563758395
1,1,127,2.7495128815760985
