cvd_10y_HF,Diabetes,Count,Percentage
0,0,3763,81.46785018402252
0,1,367,7.9454427365230575
1,0,393,8.508335137475644
1,1,96,2.078371941978783
