cvd_10y_noHF,Diabetes,Count,Percentage
0,0,3826,82.8317817709461
0,1,387,8.37843689110197
1,0,330,7.144403550552067
1,1,76,1.6453777873998703
