cvd_10y_noHF,alc,Count,Percentage
0,0,1231,26.650790214332105
0,1,2982,64.55942844771596
1,0,139,3.0093093743234465
1,1,267,5.780471963628491
