cvd_10y_noHF,race,Count,Percentage
0,0,3060,66.24810565057372
0,1,1153,24.962113011474347
1,0,313,6.7763585191599915
1,1,93,2.013422818791946
