cvd_10y_HF,alc,Count,Percentage
0,0,1205,26.087897813379517
0,1,2925,63.32539510716605
1,0,165,3.5722017752760333
1,1,324,7.014505304178393
