cvd_10y_noHF,gender,Count,Percentage
0,0,2040,44.16540376704914
0,1,2173,47.044814894998915
1,0,124,2.684563758389262
1,1,282,6.105217579562676
