cvd_10y_HF,race,Count,Percentage
0,0,3001,64.97077289456593
0,1,1129,24.44252002597965
1,0,372,8.053691275167784
1,1,117,2.533015804286642
