cvd_10y_HF,nutrition,Count,Percentage
0,0,2542,55.033557046979865
0,1,1572,34.033340549902576
0,2,16,0.34639532366313053
1,0,331,7.166053258281013
1,1,158,3.420653821173414
